Year,Month,Max_temperature,Min_temperature,Precipitation
1853,1,8.4,2.7,4
1853,2,3.2,-1.8,19
1853,3,7.7,-0.6,20
1853,4,12.6,4.5,0
1853,5,16.8,6.1,0
1853,6,20.1,10.7,0
1853,7,21.2,12.2,0
1853,8,20.2,10.8,0
1853,9,17.3,8.4,0
1853,10,13.9,7.4,0
1853,11,8.7,2.3,10
1853,12,3.7,-1.3,19
1854,1,6.7,1.5,11
1854,2,8,0.6,12
1854,3,11.2,2.2,8
1854,4,15,3.5,2
1854,5,16.2,5.7,1
1854,6,18.6,9.7,0
1854,7,21.7,11.6,0
1854,8,20.9,10.7,0
1854,9,20.2,8.4,0
1854,10,13.9,5.6,2
1854,11,8.2,2,5
1854,12,8.3,2.1,8
1855,1,4.4,-0.4,18
1855,2,1.7,-4.5,20
1855,3,7.7,0.1,15
1855,4,13,2.7,9
1855,5,15,4.9,3
1855,6,19.4,9.3,0
1855,7,22.8,13.4,0
1855,8,21.7,12.2,0
1855,9,19,10.4,0
1855,10,14,8.2,0
1855,11,7.9,3.4,4
1855,12,5.7,-0.1,13
1856,1,6.8,2,10
1856,2,8.2,3,8
1856,3,7.9,0.6,11
1856,4,12.9,4.1,2
1856,5,14,5.7,2
1856,6,20.2,9.5,0
1856,7,22.2,11.3,0
1856,8,22.7,12.5,0
1856,9,16.8,8.5,0
1856,10,13.9,6.9,1
1856,11,8.1,2.3,8
1856,12,7.3,1.4,12
1857,1,5.1,-0.6,17
1857,2,7.6,0.4,11
1857,3,9.1,1.8,10
1857,4,11.9,3.7,3
1857,5,16.5,6.3,4
1857,6,22,10.6,0
1857,7,22,12.7,0
1857,8,22.8,13.2,0
1857,9,19,11.2,0
1857,10,14.6,7.8,0
1857,11,10.2,4.5,2
1857,12,9.6,4.5,3
1858,1,6.4,-0.1,20
1858,2,4.7,-1.2,18
1858,3,9.4,1.1,12
1858,4,13.1,4,2
1858,5,15.9,6.2,0
1858,6,23.6,11.9,0
1858,7,20.8,10.6,0
1858,8,21.4,11.3,0
1858,9,19.5,11.2,0
1858,10,13.4,6.9,0
1858,11,7.4,0.8,12
1858,12,7.2,2.4,2
1859,1,7.5,1.8,9
1859,2,9.4,2.7,5
1859,3,11.2,4.7,4
1859,4,12.3,3.5,8
1859,5,16.6,6.7,0
1859,6,20.7,11.1,0
1859,7,25.1,13.7,0
1859,8,21.8,12.5,0
1859,9,17.4,9.4,0
1859,10,13.7,6.6,6
1859,11,8.5,1.5,8
1859,12,5,-1.1,14
1860,1,6.8,0.8,12
1860,2,5.2,-1.6,20
1860,3,8.4,1.9,8
1860,4,10.6,1.7,5
1860,5,17,7.7,0
1860,6,17,9.5,0
1860,7,19.3,10.3,0
1860,8,17.9,10.9,0
1860,9,15.6,7,0
1860,10,13.4,7.3,1
1860,11,7.4,2.1,2
1860,12,4.4,,
1861,1,3.8,-0.7,16
1861,2,7.9,3.1,4
1861,3,10.1,3.4,1
1861,4,11.8,3,5
1861,5,16.1,6.5,1
1861,6,20,11.2,0
1861,7,19.7,12,0
1861,8,21.6,12.7,0
1861,9,17.9,9.9,0
1861,10,16.2,9.5,0
1861,11,8.4,1.6,10
1861,12,7,1.5,12
1862,1,6.6,2.2,8
1862,2,7.3,3.4,4
1862,3,9.4,3.9,4
1862,4,12.9,6.2,4
1862,5,17.6,9.2,0
1862,6,18.1,9.6,0
1862,7,19.9,10.6,0
1862,8,20,10.5,0
1862,9,18.2,9.9,0
1862,10,14.5,7.6,1
1862,11,6.7,0.4,14
1862,12,9.2,3.8,0
1863,1,7.7,2.5,2
1863,2,9.1,2.7,7
1863,3,10.8,1.9,9
1863,4,14.2,4.7,2
1863,5,16.4,6,0
1863,6,19.3,9.6,0
1863,7,21.8,9.5,0
1863,8,21.2,11.9,0
1863,9,15.8,7.6,0
1863,10,14.1,7,2
1863,11,10.3,4.6,6
1863,12,9.1,3.3,6
1864,1,4.8,-0.2,13
1864,2,5.5,0,16
1864,3,9.6,1.4,8
1864,4,14.2,4.3,0
1864,5,18.2,7.9,0
1864,6,19.8,9.8,0
1864,7,22.8,10.3,0
1864,8,21,8.8,0
1864,9,18.3,9.4,0
1864,10,13.6,6.8,0
1864,11,8.9,2,8
1864,12,5.6,1.3,13
1865,1,4.7,-0.9,14
1865,2,5,0.2,13
1865,3,6,-0.2,13
1865,4,17.2,5.4,3
1865,5,18.4,8.1,0
1865,6,21.9,10.8,0
1865,7,22.3,12.5,0
1865,8,20,10.8,0
1865,9,22.3,10.9,0
1865,10,14.6,6.1,0
1865,11,10.3,4,6
1865,12,8.4,3.4,4
1866,1,8.6,3.4,5
1866,2,7.9,1.3,11
1866,3,8.4,1.8,9
1866,4,13.6,4.7,3
1866,5,15.7,4.8,2
1866,6,21.9,11.1,0
1866,7,21.7,11.2,0
1866,8,19.8,11.3,0
1866,9,17,10.3,0
1866,10,14.2,8,0
1866,11,10.7,3.7,7
1866,12,9.2,3.3,7
1867,1,4.6,-1.1,18
1867,2,10.1,4.4,1
1867,3,6,0.5,16
1867,4,14,6.6,0
1867,5,16.8,6.8,3
1867,6,20,9.6,0
1867,7,20.3,10.5,0
1867,8,21.5,11.8,0
1867,9,18.4,9.6,0
1867,10,13.5,6.3,1
1867,11,8.4,1.6,10
1867,12,6.2,0.1,18
1868,1,5.9,1.7,11
1868,2,9.8,3.3,5
1868,3,11.1,2.9,6
1868,4,14.1,4.6,5
1868,5,20.4,7.8,0
1868,6,23.6,9.4,0
1868,7,25.8,12.7,0
1868,8,22.1,12.5,0
1868,9,19.7,9.4,0
1868,10,12.7,5,3
1868,11,7.9,2.6,7
1868,12,10.4,5.2,2
1869,1,8.2,3,5
1869,2,10.5,5.1,1
1869,3,7.1,1.1,10
1869,4,16,6,0
1869,5,15.5,6.5,0
1869,6,18.9,8.8,0
1869,7,24.1,12.4,0
1869,8,21.5,10.7,0
1869,9,19,11.3,0
1869,10,13.9,6.1,4
1869,11,10,3.2,8
1869,12,5.6,1,9
1870,1,5.9,1.3,10
1870,2,5.1,0.8,13
1870,3,8.3,1.5,13
1870,4,15.6,3.7,4
1870,5,18,6.3,2
1870,6,22.3,11.2,0
1870,7,24.9,13,0
1870,8,21.4,10.6,0
1870,9,18.3,8.2,0
1870,10,14.1,6.7,0
1870,11,8.3,2.1,10
1870,12,3.2,-2.3,19
1871,1,2.7,-1.2,20
1871,2,9,3.8,4
1871,3,11.9,3.2,4
1871,4,13.8,5.3,4
1871,5,17,5.8,0
1871,6,17.5,9,0
1871,7,21.1,11.9,0
1871,8,23.8,12,0
1871,9,17.9,9.6,0
1871,10,14.1,6,2
1871,11,6.4,0.2,14
1871,12,6,0.9,12
1872,1,7.9,2.6,5
1872,2,10.1,4.7,0
1872,3,11.2,3.6,8
1872,4,13.9,4.5,2
1872,5,15.2,5.9,1
1872,6,20.4,10.2,0
1872,7,23.7,12.9,0
1872,8,21,11.3,0
1872,9,18.3,10,0
1872,10,12.6,5.2,1
1872,11,10.1,4.6,1
1872,12,7.9,3.5,6
1873,1,7.8,3.2,9
1873,2,4.2,-0.1,13
1873,3,9.7,2.2,3
1873,4,12.8,3.9,3
1873,5,16.1,5.4,1
1873,6,20,10.3,0
1873,7,22.6,11.8,0
1873,8,21.6,12.6,0
1873,9,16.9,7.8,0
1873,10,12.9,4.7,6
1873,11,9.6,3.8,4
1873,12,7.3,2.1,10
1874,1,8.6,3,6
1874,2,7.1,1,12
1874,3,11,3.1,8
1874,4,15.7,5.4,1
1874,5,15.7,6,1
1874,6,20.4,9,0
1874,7,25.3,11.8,0
1874,8,21.2,11.2,0
1874,9,18.6,10.4,0
1874,10,14.7,7.8,0
1874,11,8.7,2.5,9
1874,12,3.5,-2.3,22
1875,1,9.3,4.9,2
1875,2,4.5,-0.4,20
1875,3,8.6,2.4,9
1875,4,13.4,3.5,3
1875,5,18.3,7.8,0
1875,6,20.6,10.5,0
1875,7,19.9,11.1,0
1875,8,21.9,12.8,0
1875,9,20.1,11.4,0
1875,10,12.6,6.4,0
1875,11,8.4,3.6,5
1875,12,6.2,2.4,9
1876,1,5.5,0.6,14
1876,2,8.1,3,5
1876,3,8.6,1.9,8
1876,4,13,4.8,2
1876,5,15.4,4.7,1
1876,6,20.8,10,0
1876,7,24.5,13.1,0
1876,8,23.8,11.9,0
1876,9,17.4,9.8,0
1876,10,14.8,8.8,0
1876,11,9.7,4.1,5
1876,12,8.8,4.9,4
1877,1,9.3,3.2,3
1877,2,9.4,4,3
1877,3,9,2.2,9
1877,4,12.1,4.3,0
1877,5,14.5,5.5,4
1877,6,22.2,10.5,0
1877,7,21.1,11.1,0
1877,8,20.5,11.9,0
1877,9,15.9,7.6,0
1877,10,13.7,5.2,2
1877,11,10.8,4.3,0
1877,12,7.8,2.3,7
1878,1,7.5,2.6,8
1878,2,8.8,4.2,4
1878,3,9.5,2.2,9
1878,4,14.1,5.5,3
1878,5,17.7,8.4,0
1878,6,21.1,11.1,0
1878,7,22.2,12.6,0
1878,8,21.7,13.1,0
1878,9,18.1,9.4,0
1878,10,14.1,7.4,0
1878,11,6.6,2.6,5
1878,12,3.1,-2,20
1879,1,1.6,-2.8,27
1879,2,6,1.1,9
1879,3,8.6,1.1,10
1879,4,9.5,2.4,7
1879,5,12.9,5.2,3
1879,6,17,10.2,0
1879,7,17.5,11.4,0
1879,8,18.7,11.8,0
1879,9,16.6,9.5,0
1879,10,12.2,6,0
1879,11,6.7,0.9,13
1879,12,3.7,-3.2,24
1880,1,3,-2.5,22
1880,2,9,2.4,5
1880,3,11.7,2.5,7
1880,4,12.2,4.7,1
1880,5,15.9,6.4,0
1880,6,17.9,10,0
1880,7,19.7,12.2,0
1880,8,20.5,13.2,0
1880,9,19.8,11.5,0
1880,10,12.2,4.9,3
1880,11,9.8,3.1,9
1880,12,9.3,3.6,5
1881,1,1.8,-4,20
1881,2,6.3,1.5,10
1881,3,10.3,2.1,11
1881,4,12.9,3.1,7
1881,5,17.7,6.9,1
1881,6,19.2,10.3,0
1881,7,22.7,12.5,0
1881,8,19.2,10.8,0
1881,9,17.6,9.5,0
1881,10,11.9,4.2,5
1881,11,12.5,6.9,0
1881,12,7.1,2.1,7
1882,1,7.7,2.8,6
1882,2,9.2,3.5,3
1882,3,12.6,4,3
1882,4,13.7,5.1,1
1882,5,17.4,7.3,0
1882,6,17.5,9.7,0
1882,7,20,11.9,0
1882,8,19.9,11.5,0
1882,9,17.3,8.3,0
1882,10,13.6,7.2,1
1882,11,9.6,3.5,3
1882,12,7.2,2.5,9
1883,1,8.2,3.3,3
1883,2,9.9,4,0
1883,3,7.2,-1.2,22
1883,4,14,4.5,3
1883,5,16.2,7.1,1
1883,6,19.6,10.1,0
1883,7,18.8,11.2,0
1883,8,21,11.8,0
1883,9,17.5,10.4,0
1883,10,13.8,7.4,0
1883,11,10.3,3.3,4
1883,12,7.3,2.7,5
1884,1,9.5,5.1,0
1884,2,8.9,3.1,4
1884,3,10.9,3,4
1884,4,11.7,3.1,6
1884,5,17.6,6.6,0
1884,6,19.5,9.9,0
1884,7,21.5,12.4,0
1884,8,23.9,12,0
1884,9,19.7,10.9,0
1884,10,13.7,6.1,0
1884,11,8.8,2.6,10
1884,12,7.3,2.9,4
1885,1,5,0.9,14
1885,2,9.8,3.8,4
1885,3,9.4,1.2,10
1885,4,13,3.6,4
1885,5,13.7,5.3,0
1885,6,19.8,9.8,0
1885,7,22.7,11.9,0
1885,8,18.9,9.9,0
1885,9,17.1,8.6,0
1885,10,11.2,4.8,0
1885,11,8.4,4,5
1885,12,6.4,1.3,11
1886,1,4.6,-0.5,15
1886,2,3.3,-1.1,20
1886,3,7.8,1.5,17
1886,4,12.9,3.8,4
1886,5,15.7,7,0
1886,6,18.6,9.5,0
1886,7,21.8,12,0
1886,8,21.2,12,0
1886,9,19,10.3,0
1886,10,15.1,8.7,0
1886,11,9.5,3.8,5
1886,12,5.5,-0.3,13
1887,1,4.7,-0.5,15
1887,2,7.5,0.5,17
1887,3,7.3,-0.1,13
1887,4,11.6,1.9,5
1887,5,14.4,6.1,0
1887,6,21.6,10.2,0
1887,7,24,12.4,0
1887,8,22.2,10.5,0
1887,9,16.3,8.1,0
1887,10,11.5,3.5,6
1887,11,7.8,2.2,8
1887,12,5.7,0.3,17
1888,1,5.6,0.7,17
1888,2,4.1,-0.7,20
1888,3,6.9,0.9,15
1888,4,10.4,3,8
1888,5,16.3,6.3,0
1888,6,18.3,9.6,0
1888,7,18,10.9,0
1888,8,19,10.5,0
1888,9,17.6,8.8,0
1888,10,13,3.7,9
1888,11,10.5,6,0
1888,12,7.6,2.5,11
1889,1,5.1,-0.1,14
1889,2,5.8,-0.4,17
1889,3,9,1.4,12
1889,4,10.9,3.8,1
1889,5,17.3,8.9,0
1889,6,20.6,10.9,0
1889,7,20,11.3,0
1889,8,19.6,10.8,0
1889,9,17.5,9.1,0
1889,10,12.8,5.4,1
1889,11,9.5,4.3,4
1889,12,5.6,0.1,16
1890,1,8.7,3.3,3
1890,2,6.3,0.3,12
1890,3,10.1,2.6,5
1890,4,11.9,3,6
1890,5,17,6.6,0
1890,6,19,9.7,0
1890,7,19.3,11.2,0
1890,8,19.4,10.8,0
1890,9,20.2,9.9,0
1890,10,14,5.7,1
1890,11,9.2,3,7
1890,12,0.2,-4,25
1891,1,4.3,-1.9,20
1891,2,8.9,-0.2,13
1891,3,7.9,0.9,13
1891,4,11.2,2.2,5
1891,5,14.1,5.6,2
1891,6,19.9,10.4,0
1891,7,19.3,10.7,0
1891,8,18,10.9,0
1891,9,18.6,9.8,0
1891,10,13.2,6.6,1
1891,11,8.4,3.2,3
1891,12,7.3,1.6,9
1892,1,4.8,-0.3,18
1892,2,6.4,0.9,9
1892,3,6.9,-0.9,23
1892,4,14.3,1.7,10
1892,5,17.1,6.9,3
1892,6,19.2,8.7,0
1892,7,18.9,10.3,0
1892,8,20.4,11.5,0
1892,9,16.9,8.9,0
1892,10,11.1,4,4
1892,11,9.4,3.8,6
1892,12,4.7,-0.6,17
1893,1,4.4,-0.3,15
1893,2,8,2.5,5
1893,3,13.7,1.7,12
1893,4,18,3.9,2
1893,5,19.4,7.7,0
1893,6,21.8,10.2,0
1893,7,21.6,12.5,0
1893,8,23.2,13,0
1893,9,18.6,8.9,0
1893,10,14.3,6.6,1
1893,11,8.2,1.7,12
1893,12,7.8,1.3,5
1894,1,6.1,1.2,9
1894,2,8.6,2.2,7
1894,3,11.8,2.2,5
1894,4,15,5.1,0
1894,5,14.1,5.3,1
1894,6,18.2,9.9,0
1894,7,20.6,12,0
1894,8,18.6,11,0
1894,9,16,8.3,0
1894,10,12.5,6.9,1
1894,11,10.6,5.4,0
1894,12,7.5,2.8,9
1895,1,3.1,-1.8,20
1895,2,1.8,-5.3,24
1895,3,10,2,9
1895,4,13.1,5,1
1895,5,19,7.3,0
1895,6,21.4,9.8,0
1895,7,20.4,12.2,0
1895,8,20.5,12.1,0
1895,9,22.4,9.9,0
1895,10,11.6,3.9,8
1895,11,11.1,5.4,1
1895,12,6.8,1.9,6
1896,1,7.2,2.4,5
1896,2,8,1.4,9
1896,3,11.4,4.3,3
1896,4,14,5.4,0
1896,5,18.2,6.6,1
1896,6,21.9,12,0
1896,7,22.8,12.1,0
1896,8,19.6,10.6,0
1896,9,17,10.7,0
1896,10,11.5,4.5,3
1896,11,7.8,1.6,8
1896,12,6.7,1.7,11
1897,1,3.9,-0.2,15
1897,2,8.8,4.1,2
1897,3,10.6,4.1,3
1897,4,11.6,4.1,2
1897,5,15.7,5.7,1
1897,6,20.6,11.2,0
1897,7,22.4,12.3,0
1897,8,20.9,12.1,0
1897,9,16.7,8.9,0
1897,10,14.2,6.3,0
1897,11,10.2,4.3,2
1897,12,7.6,1.9,10
1898,1,8.6,4.2,5
1898,2,8.5,2,7
1898,3,8.5,0.6,15
1898,4,13.6,3.7,4
1898,5,14.8,6.8,0
1898,6,18.8,9.5,0
1898,7,21.3,11.1,0
1898,8,22.4,12.5,0
1898,9,22.2,10,0
1898,10,14.6,8.4,0
1898,11,10.4,4.7,3
1898,12,10.1,5.1,4
1899,1,8.5,2.9,5
1899,2,9.5,2.1,10
1899,3,10.6,0.4,16
1899,4,12.2,5.1,2
1899,5,15.4,6.2,0
1899,6,22,10.3,0
1899,7,23.8,13.3,0
1899,8,24.9,12.3,0
1899,9,18.6,10.3,0
1899,10,14.1,4.7,2
1899,11,11.3,5.4,3
1899,12,5,-0.2,14
1900,1,7.2,2.1,5
1900,2,6,0.7,14
1900,3,7.2,0.9,8
1900,4,13.8,3.8,3
1900,5,15.2,6.3,0
1900,6,19.5,10.6,0
1900,7,24.3,13.4,0
1900,8,20.4,11.5,0
1900,9,19.6,9.2,0
1900,10,14.2,6.7,0
1900,11,10.3,5.4,2
1900,12,10.2,5,2
1901,1,6,1,15
1901,2,4.9,0.1,13
1901,3,7.6,1.2,8
1901,4,14,4.3,1
1901,5,17.4,6.2,1
1901,6,19.8,9.4,0
1901,7,23.8,13.2,0
1901,8,21.4,11.5,0
1901,9,18.5,10,0
1901,10,14.1,6.2,3
1901,11,8.1,1.7,11
1901,12,6.4,0.9,12
1902,1,7.8,2.6,10
1902,2,4.7,-0.5,18
1902,3,11,3.8,4
1902,4,12.7,3.5,4
1902,5,13.8,5.4,1
1902,6,18.5,9.8,0
1902,7,20.5,11,0
1902,8,19.6,11.1,0
1902,9,18,8.5,0
1902,10,13,6.8,0
1902,11,9.6,4.5,4
1902,12,7,2.5,7
1903,1,6.9,2.4,8
1903,2,10.5,4.5,1
1903,3,11.1,4.3,0
1903,4,11,2.6,9
1903,5,16.2,7.2,0
1903,6,17.5,8.9,0
1903,7,20.7,11.9,0
1903,8,18.8,10.9,0
1903,9,17.8,9.7,0
1903,10,14,8.5,0
1903,11,9.6,3.9,4
1903,12,5.7,1.6,10
1904,1,6.8,1.4,10
1904,2,6.4,1.5,8
1904,3,8.3,1.6,7
1904,4,13.8,5.4,0
1904,5,15.6,7.4,0
1904,6,18.8,9.2,0
1904,7,23.2,13,0
1904,8,20.6,11,0
1904,9,17.3,7.9,0
1904,10,13.5,6.3,1
1904,11,8.5,2,11
1904,12,6.4,1.6,11
1905,1,6.3,0.4,15
1905,2,8.4,3.2,2
1905,3,11.1,3.9,2
1905,4,11.5,4.5,1
1905,5,16.7,6.1,1
1905,6,19.5,10.9,0
1905,7,23.3,13.4,0
1905,8,19.7,11.4,0
1905,9,16.8,9.4,0
1905,10,11.4,3.8,6
1905,11,8.3,2.2,7
1905,12,7,2.2,7
1906,1,8.4,3.1,3
1906,2,6.6,0.7,10
1906,3,9.3,2.1,9
1906,4,13.8,2.1,9
1906,5,15.5,7.2,0
1906,6,20.2,9.3,0
1906,7,22.2,11.6,0
1906,8,23.4,12.6,0
1906,9,20.4,9.4,0
1906,10,14.9,8.3,0
1906,11,10.5,4.7,3
1906,12,6.2,0.6,13
1907,1,6.3,1.1,10
1907,2,6.3,0.3,13
1907,3,12.1,1.8,8
1907,4,12.6,4.1,1
1907,5,15.9,7.3,0
1907,6,16.8,9.5,0
1907,7,19.2,10.4,0
1907,8,19.3,11,0
1907,9,19.7,9,0
1907,10,13.7,7,0
1907,11,10.2,4.2,2
1907,12,7.8,3,3
1908,1,5.5,-0.4,18
1908,2,8.6,2.7,4
1908,3,8.3,1.5,6
1908,4,10.4,2.4,10
1908,5,17.6,9,0
1908,6,20.5,9.8,0
1908,7,21.5,12.2,0
1908,8,20,10.7,0
1908,9,17,9.4,0
1908,10,16.1,8.1,1
1908,11,11.1,5,3
1908,12,6.5,1.6,5
1909,1,6.2,1.1,12
1909,2,6.5,-0.6,17
1909,3,7.1,1.2,9
1909,4,15.1,3.5,5
1909,5,17.3,5.4,0
1909,6,16.1,8.8,0
1909,7,19.6,11.7,0
1909,8,21.2,11.7,0
1909,9,16.1,9.1,0
1909,10,14.1,8.1,2
1909,11,8.3,2.3,10
1909,12,7.3,1.9,9
1910,1,6.7,1.6,9
1910,2,8.6,2.8,4
1910,3,10.6,1.9,10
1910,4,11.8,4.2,3
1910,5,16.5,7.3,1
1910,6,19.9,11.3,0
1910,7,18.3,11.1,0
1910,8,19.5,12,0
1910,9,17.1,9.1,0
1910,10,14.2,8.5,0
1910,11,6.9,0.4,17
1910,12,8.8,4.7,1
1911,1,6.3,1.3,9
1911,2,8,2.4,6
1911,3,8.5,2.7,2
1911,4,12.2,4.2,6
1911,5,18.6,8.4,0
1911,6,20.1,10.5,0
1911,7,26.1,13.1,0
1911,8,24.9,14,0
1911,9,21.4,9.4,0
1911,10,13.4,6.7,1
1911,11,9.3,3.6,4
1911,12,9.1,4.6,1
1912,1,6.8,1.7,9
1912,2,8.8,3.7,6
1912,3,10.8,5,0
1912,4,14.7,3.8,2
1912,5,17.5,8.8,0
1912,6,18.6,10.2,0
1912,7,21.1,12.5,0
1912,8,17.1,10,0
1912,9,15.2,7.7,0
1912,10,13.3,3.9,7
1912,11,9.2,4.1,3
1912,12,10.1,5,1
1913,1,7.6,3,5
1913,2,7.8,1.9,9
1913,3,10.4,3.3,4
1913,4,12.2,4.7,1
1913,5,17,7.8,0
1913,6,19.9,10,0
1913,7,19.6,11.4,0
1913,8,21,11.1,0
1913,9,18.6,10.8,0
1913,10,15,8.5,1
1913,11,11.9,5.7,2
1913,12,7.5,2.8,10
1914,1,6,1.2,13
1914,2,10.4,3.8,2
1914,3,10.1,3.3,6
1914,4,15.9,4.7,0
1914,5,16.6,6.4,2
1914,6,20.8,10,0
1914,7,20.9,12.2,0
1914,8,21.8,12.1,0
1914,9,19.5,8.3,0
1914,10,14.6,7.2,0
1914,11,10.2,4,6
1914,12,8,2.6,6
1915,1,6.5,2.2,6
1915,2,7.9,1.9,7
1915,3,9.3,1.8,11
1915,4,12.9,3.5,1
1915,5,17.1,6.4,0
1915,6,20.6,9.5,0
1915,7,19.7,11.3,0
1915,8,20.8,12.2,0
1915,9,18.8,8.6,0
1915,10,12.7,6.3,2
1915,11,6.9,0.1,15
1915,12,9,3.5,6
1916,1,10.3,5.1,0
1916,2,6.5,1.1,10
1916,3,6.5,1.1,9
1916,4,13.9,4.3,1
1916,5,17.3,7.6,0
1916,6,15.9,8.1,0
1916,7,20.9,11,0
1916,8,21.8,12.6,0
1916,9,17.6,9,0
1916,10,14.6,8.2,2
1916,11,9.4,3.8,4
1916,12,4.1,-0.6,18
1917,1,3.2,0.1,18
1917,2,4.3,-1.4,16
1917,3,6.9,0,15
1917,4,10.5,1.8,11
1917,5,19.5,8.2,0
1917,6,21.4,10.8,0
1917,7,21.1,11.9,0
1917,8,19,12.7,0
1917,9,18.7,10.8,0
1917,10,12.2,4,1
1917,11,10.6,5.3,2
1917,12,4.7,-0.7,18
1918,1,6.4,1.3,13
1918,2,9.2,3.9,5
1918,3,10.9,2.1,7
1918,4,10.5,3.6,2
1918,5,19.1,8,0
1918,6,18.9,8.5,0
1918,7,20.8,11.7,0
1918,8,21.1,12,0
1918,9,16.1,9,0
1918,10,12.6,6.4,0
1918,11,9.2,2.1,11
1918,12,9.9,5,2
1919,1,5.2,0.6,12
1919,2,4.3,-1,15
1919,3,7.5,1,11
1919,4,11.8,3.3,7
1919,5,19.5,7.8,0
1919,6,20.4,9.7,0
1919,7,18.7,10.2,0
1919,8,22.4,12,0
1919,9,18,8.7,1
1919,10,12.1,2.3,5
1919,11,6.1,1,12
1919,12,8.6,3.2,3
1920,1,8.6,2.8,6
1920,2,9.9,2.7,6
1920,3,12,3.8,3
1920,4,12,5.9,0
1920,5,17.1,7.8,0
1920,6,19.6,10.1,0
1920,7,18.2,11,0
1920,8,18,9.7,0
1920,9,18.1,9.3,0
1920,10,14.5,6.6,1
1920,11,9.8,3.4,7
1920,12,6.8,2.2,9
1921,1,9.9,5.2,2
1921,2,8.6,1.4,7
1921,3,11.8,4.1,1
1921,4,14.2,3.9,3
1921,5,17.5,6.9,1
1921,6,21.4,9.5,0
1921,7,26.1,13.3,0
1921,8,20.9,12.1,0
1921,9,20.6,9.3,0
1921,10,18.9,8.2,0
1921,11,8,1.7,12
1921,12,9.4,3.6,5
1922,1,7.1,1.3,13
1922,2,8.3,1.4,11
1922,3,8.5,1.8,8
1922,4,10.4,1.9,7
1922,5,19.9,8.1,0
1922,6,19.9,9.3,0
1922,7,18.5,10.4,0
1922,8,18.1,10.1,0
1922,9,16.9,8.8,0
1922,10,12.9,4,6
1922,11,9,2.3,8
1922,12,8.4,3.9,1
1923,1,8.4,2.2,4
1923,2,8.8,3.7,2
1923,3,9.8,3.6,1
1923,4,12.2,4.3,2
1923,5,14.7,6,1
1923,6,17.3,8.8,0
1923,7,23.4,13.5,0
1923,8,21.4,11.1,0
1923,9,18,8.5,0
1923,10,13.6,7.1,0
1923,11,6.8,0,13
1923,12,7.4,1,14
1924,1,7.7,3,5
1924,2,6.3,0.4,12
1924,3,9.6,-0.2,21
1924,4,12.5,3.7,5
1924,5,16.9,8,0
1924,6,19.1,10.4,0
1924,7,20.7,10.9,0
1924,8,18.8,10.5,0
1924,9,17.4,10.5,0
1924,10,14.1,7.3,1
1924,11,10.1,4.8,4
1924,12,9.1,4.3,1
1925,1,8.4,2.3,6
1925,2,9,2.5,2
1925,3,8.9,1.5,13
1925,4,12.2,3.6,1
1925,5,16.8,7.8,0
1925,6,21.5,9.9,0
1925,7,22.5,12.3,0
1925,8,20.1,12,0
1925,9,16.3,7.8,0
1925,10,15.2,6.9,2
1925,11,7.7,1.4,16
1925,12,6,0.4,15
1926,1,7.5,1.5,9
1926,2,10.2,4.7,1
1926,3,10.6,3.3,2
1926,4,14.1,5.2,0
1926,5,15.1,6.6,0
1926,6,18.8,9.4,0
1926,7,21.6,12.9,0
1926,8,21.6,12.1,0
1926,9,19.6,11,0
1926,10,12.6,4.5,7
1926,11,10,3.6,5
1926,12,6.9,1.3,10
1927,1,7.8,1.8,7
1927,2,7,1.3,12
1927,3,11.5,4.4,1
1927,4,13.1,4.5,1
1927,5,17.7,6.8,1
1927,6,17.9,8.8,0
1927,7,19.6,12.6,0
1927,8,20.1,12.2,0
1927,9,16.4,9.6,0
1927,10,15,6.8,0
1927,11,9.5,3.5,8
1927,12,4,0.3,12
1928,1,9,2.2,3
1928,2,10.3,2.2,7
1928,3,10.6,3.4,6
1928,4,13,4.5,3
1928,5,16.5,6.4,1
1928,6,18.6,9.1,0
1928,7,23.3,12.4,0
1928,8,20.2,11.7,0
1928,9,19.2,7.9,0
1928,10,14.8,6.8,1
1928,11,11.5,4.6,2
1928,12,6.6,0.4,9
1929,1,3.7,-1.1,21
1929,2,3.3,-3,19
1929,3,12.9,-0.1,17
1929,4,11.8,2.5,6
1929,5,17.1,6.4,2
1929,6,18.9,8.9,0
1929,7,22.7,11.2,0
1929,8,21.2,11.6,0
1929,9,23.2,10.7,0
1929,10,14.1,6.3,2
1929,11,11,3.3,9
1929,12,9.2,3.4,5
1930,1,9,3.4,1
1930,2,5.4,0.3,13
1930,3,9.8,1.8,10
1930,4,12.5,5,1
1930,5,15.6,7,0
1930,6,21.1,10.8,0
1930,7,20.1,11.7,0
1930,8,21.2,12,0
1930,9,18,10.5,0
1930,10,14.6,7.5,0
1930,11,10.2,2.8,8
1930,12,7,1.9,9
1931,1,6.5,0.8,14
1931,2,7.4,1.3,6
1931,3,9.2,0.3,16
1931,4,11.8,4.7,0
1931,5,16.1,7.8,0
1931,6,19.5,11,0
1931,7,19.6,12.1,0
1931,8,19.1,11.2,0
1931,9,15.7,8.3,0
1931,10,13.4,5.2,8
1931,11,11,5.1,1
1931,12,7.8,2.8,6
1932,1,9.4,3.5,5
1932,2,5.8,-0.4,17
1932,3,9.6,0.4,15
1932,4,11.3,3.8,1
1932,5,14.8,7.5,0
1932,6,19.2,9.5,0
1932,7,20.6,12.7,0
1932,8,22.9,13.6,0
1932,9,17.7,9.7,0
1932,10,13.1,5.9,1
1932,11,9.6,4,1
1932,12,8.2,3.5,4
1933,1,5.3,-0.7,19
1933,2,7.9,1.4,14
1933,3,12.9,3.3,4
1933,4,14.4,4.5,2
1933,5,17.7,8.1,0
1933,6,21.4,10.6,0
1933,7,23.9,13.6,0
1933,8,24.6,12.7,0
1933,9,20.6,10.7,0
1933,10,14,6.7,1
1933,11,8.8,2.8,6
1933,12,3.5,-0.7,16
1934,1,7.5,0.6,12
1934,2,7.5,-0.5,14
1934,3,9.6,1.3,8
1934,4,12.7,4.5,3
1934,5,17.6,6.9,0
1934,6,21.1,10.6,0
1934,7,25.3,12.9,0
1934,8,21.1,11.4,0
1934,9,20.2,10.7,0
1934,10,14.5,7.6,1
1934,11,9.3,3.9,3
1934,12,10.5,5.9,0
1935,1,7.3,2.5,5
1935,2,9.3,2.9,4
1935,3,11.1,2.8,6
1935,4,12.6,4.4,3
1935,5,15.1,5.4,2
1935,6,20,11.2,0
1935,7,23.9,12.7,0
1935,8,23.4,12.1,0
1935,9,18.7,10.2,0
1935,10,14,6.1,3
1935,11,10.4,4.3,2
1935,12,5.6,0.9,12
1936,1,7.2,1.7,12
1936,2,6.2,-0.3,15
1936,3,11,4.1,4
1936,4,10.7,2.9,4
1936,5,17.1,6.8,0
1936,6,20,10.6,0
1936,7,19.6,12,0
1936,8,22.2,11.7,0
1936,9,18.7,11.3,0
1936,10,13.8,5.2,0
1936,11,9,2.2,10
1936,12,8.5,2.2,8
1937,1,8.4,2.5,6
1937,2,9.5,3.5,2
1937,3,7.7,0.8,12
1937,4,13.5,5.8,1
1937,5,17.5,8.2,0
1937,6,20,10,0
1937,7,21.2,12.6,0
1937,8,23.6,12.5,0
1937,9,19.3,9.1,0
1937,10,14.8,7.2,0
1937,11,8.6,1.6,11
1937,12,6,0.7,14
1938,1,8.8,3.4,0
1938,2,8.2,2,6
1938,3,15.5,4.3,5
1938,4,13,2.5,5
1938,5,15.9,6.5,1
1938,6,20.3,10.8,0
1938,7,21,11.7,0
1938,8,21.9,12.6,0
1938,9,19,10.1,0
1938,10,14.7,7.1,0
1938,11,12.9,6.9,0
1938,12,7.2,1.5,11
1939,1,7.4,2.3,6
1939,2,9.5,2.8,4
1939,3,9.6,2.8,4
1939,4,14.1,4.9,1
1939,5,16.3,7.3,0
1939,6,19.5,9.7,0
1939,7,19.8,12.1,0
1939,8,21.5,12.4,0
1939,9,19.3,10.8,0
1939,10,12.5,5.2,0
1939,11,12.3,6.5,0
1939,12,5.6,0.6,11
1940,1,1.9,-4.6,26
1940,2,5.6,0.2,13
1940,3,10.8,2.5,7
1940,4,13.9,5,5
1940,5,18.6,7.8,0
1940,6,22.6,11.1,0
1940,7,20.5,11.1,0
1940,8,22.1,11.1,0
1940,9,19.2,8.6,0
1940,10,13.9,6,1
1940,11,10.3,4.3,2
1940,12,6.6,0.8,11
1941,1,3,-1.2,17
1941,2,7.3,1.3,11
1941,3,9.4,1.4,10
1941,4,11.2,3.1,3
1941,5,14.1,5,5
1941,6,21,10.9,0
1941,7,23.6,13.1,0
1941,8,19.3,11.3,0
1941,9,19,10.4,0
1941,10,14.7,6.4,0
1941,11,10,4.2,2
1941,12,8.3,2.7,6
1942,1,3.5,-2,20
1942,2,2.8,-2.6,25
1942,3,9.4,1.9,9
1942,4,14.3,5.1,0
1942,5,16.8,6.8,0
1942,6,21.5,9.5,0
1942,7,20.9,11.8,0
1942,8,21.8,12.8,0
1942,9,18.6,10,0
1942,10,14.6,7.3,0
1942,11,8.4,1.9,6
1942,12,9.4,4.7,2
1943,1,8.3,2.9,7
1943,2,9.5,2.7,3
1943,3,11.7,2.2,8
1943,4,16.2,6.9,0
1943,5,18.2,7.7,0
1943,6,20.1,10.3,0
1943,7,23,11.9,0
1943,8,21.8,12.4,0
1943,9,18.8,9.2,0
1943,10,15,6.8,0
1943,11,9.6,3.1,5
1943,12,6.3,0.7,12
1944,1,9.2,3,6
1944,2,6.4,0.9,10
1944,3,10.3,1.2,10
1944,4,15.8,6.1,0
1944,5,18.3,6.5,1
1944,6,19,9.6,0
1944,7,21.5,13.1,0
1944,8,23.2,13,0
1944,9,17.9,8.6,0
1944,10,13.2,6.6,0
1944,11,9.8,3.6,4
1944,12,6,0.8,11
1945,1,3.2,-2,22
1945,2,10.9,4.7,0
1945,3,13.1,3.9,3
1945,4,16.1,5.6,2
1945,5,18,8.2,2
1945,6,19.7,10.8,0
1945,7,22.1,12.8,0
1945,8,21.3,11.7,0
1945,9,18.6,11.5,0
1945,10,16.5,8,0
1945,11,10,4.4,4
1945,12,8.1,2.5,4
1946,1,5.9,0.1,16
1946,2,9.4,4,3
1946,3,9.6,1.3,9
1946,4,16.1,5,0
1946,5,15.7,6.2,0
1946,6,18.1,9.5,0
1946,7,22.3,12.7,0
1946,8,20.1,11.4,0
1946,9,18.4,11,0
1946,10,13.7,7.1,3
1946,11,11.2,5.7,1
1946,12,6.2,-0.1,13
1947,1,4.9,-0.6,15
1947,2,-0.2,-4.4,26
1947,3,7.7,1.3,14
1947,4,13.8,5.2,0
1947,5,19.2,9,0
1947,6,21.5,11.4,0
1947,7,22.6,13.6,0
1947,8,25.8,13.1,0
1947,9,20.7,11.1,0
1947,10,15.8,5.6,2
1947,11,10.9,4.6,8
1947,12,8.1,2.8,6
1948,1,9.1,3.2,4
1948,2,7.9,2.2,11
1948,3,14,3.5,4
1948,4,14.8,4.4,2
1948,5,17.5,6.5,0
1948,6,18.5,9.9,0
1948,7,21.1,12.1,0
1948,8,20.1,11.9,0
1948,9,19.1,10.7,0
1948,10,14.3,6.4,3
1948,11,10.5,4.2,7
1948,12,9.1,3.4,5
1949,1,8.6,3.1,5
1949,2,10.3,1.6,8
1949,3,9,1.7,9
1949,4,15.5,6.1,1
1949,5,16.7,6.6,0
1949,6,21.6,10.3,0
1949,7,24.7,12.8,0
1949,8,22.9,12.6,0
1949,9,22,12.5,0
1949,10,16.3,8.4,2
1949,11,9.9,3.4,5
1949,12,9.1,3.3,4
1950,1,6.9,1.5,12
1950,2,9.5,2.8,5
1950,3,12.2,3.6,3
1950,4,12.5,4.2,2
1950,5,16,7.1,0
1950,6,22.1,11.8,0
1950,7,20.8,12.5,0
1950,8,20.8,12.2,0
1950,9,17.3,10,0
1950,10,13.4,6.6,3
1950,11,8.7,4,3
1950,12,3.7,-0.7,20
1951,1,7.1,2,8
1951,2,6.9,1.4,4
1951,3,8,1.6,9
1951,4,12,2.9,1
1951,5,14.5,6.5,0
1951,6,19.7,9.4,0
1951,7,22.3,12.1,0
1951,8,19.9,11.7,0
1951,9,18.8,10.7,0
1951,10,13.8,5,4
1951,11,11.7,6.2,1
1951,12,9,3,5
1952,1,6,0.3,13
1952,2,6.9,0.3,13
1952,3,10.5,3.9,4
1952,4,15.2,5.4,2
1952,5,19.1,9.5,0
1952,6,20.5,10.5,0
1952,7,23,12.9,0
1952,8,21.1,12.6,0
1952,9,15.7,7.2,0
1952,10,12.9,5.6,4
1952,11,7,1.3,7
1952,12,6,-0.6,16
1953,1,5.4,0.8,13
1953,2,7.3,1.1,11
1953,3,10.8,0.3,17
1953,4,12.5,3.5,1
1953,5,17.9,8.2,0
1953,6,18.7,10.5,0
1953,7,20.4,11.7,0
1953,8,21.7,12.2,0
1953,9,18.6,10,0
1953,10,14,6.5,0
1953,11,11.3,5.9,0
1953,12,9.5,5,0
1954,1,5.6,0.3,16
1954,2,6.5,0.2,10
1954,3,10.1,2.9,4
1954,4,12.8,2.8,5
1954,5,15.9,7.2,0
1954,6,17.9,10.3,0
1954,7,18.6,11.3,0
1954,8,19.2,11.3,0
1954,9,17.6,9.4,0
1954,10,15.8,9.3,1
1954,11,10.9,3.8,5
1954,12,9.6,4.4,3
1955,1,5.4,0.3,13
1955,2,4.5,-1.1,18
1955,3,7.5,-0.4,19
1955,4,14.6,5.6,0
1955,5,14.6,6,0
1955,6,19.3,10.1,0
1955,7,23.7,12.6,0
1955,8,24.3,13.6,0
1955,9,19.4,10,0
1955,10,13.9,5.4,4
1955,11,10.4,3.7,6
1955,12,9.4,2.2,6
1956,1,6.7,1,13
1956,2,2.5,-3.5,21
1956,3,10.8,2.2,8
1956,4,12.2,2.6,2
1956,5,18.2,7.1,0
1956,6,17.9,9.6,0
1956,7,20.9,12.5,0
1956,8,18.4,10.6,0
1956,9,18.4,11.1,0
1956,10,13.6,5.8,0
1956,11,9.1,2.9,4
1956,12,8.2,3.5,10
1957,1,8.6,3,4
1957,2,9.1,3.2,6
1957,3,13.6,5.9,1
1957,4,13.5,5.1,1
1957,5,15.4,6.2,0
1957,6,22.2,10.1,0
1957,7,21.5,13.4,0
1957,8,20.4,12.1,0
1957,9,16.9,9.7,0
1957,10,15.4,7.6,0
1957,11,8.8,3.7,3
1957,12,7.4,1.6,10
1958,1,6.6,1,11
1958,2,9,2.3,8
1958,3,7.8,0.9,14
1958,4,12.1,3.6,6
1958,5,16.4,7.9,0
1958,6,19.1,10.7,0
1958,7,20.8,12.3,0
1958,8,20.2,12.7,0
1958,9,19.3,11.8,0
1958,10,14.4,8.1,0
1958,11,9.3,4.2,1
1958,12,7.4,2.7,4
1959,1,4.9,-0.6,20
1959,2,7.1,1.3,12
1959,3,11.4,4.1,0
1959,4,14.2,6.3,0
1959,5,18.3,7.7,0
1959,6,21,10.9,0
1959,7,23.9,12.8,0
1959,8,23.3,13,0
1959,9,21.8,9.4,0
1959,10,17.3,7.8,0
1959,11,10.6,3.7,7
1959,12,9.2,3.4,2
1960,1,6.5,1.6,12
1960,2,7.5,1.9,6
1960,3,9.8,3.9,1
1960,4,14,4.8,3
1960,5,17.8,8.8,0
1960,6,21.8,11.9,0
1960,7,19.6,11.9,0
1960,8,20,11.4,0
1960,9,17.8,9.8,0
1960,10,13.8,7.9,0
1960,11,10.8,4.7,1
1960,12,6.6,2.2,2
1961,1,6.6,1.8,5
1961,2,10.3,4.9,0
1961,3,13.6,3.7,3
1961,4,14.4,7,0
1961,5,16.3,7.2,0
1961,6,20.9,10.2,0
1961,7,21.1,11.9,0
1961,8,21.1,12,0
1961,9,20.4,11.5,0
1961,10,15,7.5,1
1961,11,9.2,3.1,6
1961,12,5.3,-0.3,18
1962,1,7.5,1.6,6
1962,2,7.5,1.6,7
1962,3,7.3,-0.7,17
1962,4,12,4.5,0
1962,5,14.8,7,0
1962,6,19.8,9.3,0
1962,7,20.2,11.8,0
1962,8,19.4,11.6,0
1962,9,17,9.5,0
1962,10,14.8,6.8,1
1962,11,8.3,2.8,7
1962,12,4.2,-1.6,17
1963,1,-0.2,-5.8,28
1963,2,1.7,-3.1,25
1963,3,9.8,3.1,5
1963,4,13.2,5.7,0
1963,5,15.6,6.9,0
1963,6,19.9,11,0
1963,7,20.4,11.4,0
1963,8,18.7,11.2,0
1963,9,17.6,9.7,0
1963,10,14.8,8.4,0
1963,11,11.4,6.3,0
1963,12,4.9,0,16
1964,1,5.6,1.1,9
1964,2,7.4,2.5,7
1964,3,7.2,2.1,7
1964,4,12.7,5.6,1
1964,5,18.6,9.3,0
1964,6,18.6,10.7,0
1964,7,22,12.7,0
1964,8,21.7,11.8,0
1964,9,20.6,9.6,0
1964,10,13.3,4.9,2
1964,11,10.5,5,1
1964,12,6.8,0.7,13
1965,1,6.4,1.2,14
1965,2,5.6,0.5,13
1965,3,10.1,1.8,10
1965,4,13.1,4.5,2
1965,5,16.3,8.4,0
1965,6,19.1,10.8,0
1965,7,18.5,11,0
1965,8,20.1,11,0
1965,9,16.9,9.1,0
1965,10,15.2,7,0
1965,11,8,1.9,11
1965,12,8.1,2.4,5
1966,1,5,0.8,15
1966,2,9,4.6,1
1966,3,10.7,3.2,3
1966,4,11.1,5,3
1966,5,16.3,7.2,0
1966,6,20.8,11.3,0
1966,7,19.8,11.7,0
1966,8,19.9,11.1,0
1966,9,18.5,10.3,0
1966,10,14.2,7.9,0
1966,11,8.3,2.9,4
1966,12,9.1,3,2
1967,1,7.2,2.6,8
1967,2,8.9,2.9,5
1967,3,11.1,4.2,1
1967,4,12,4.7,1
1967,5,15.6,7.5,0
1967,6,19.5,9.9,0
1967,7,22.7,13.1,0
1967,8,20.7,12.3,0
1967,9,17.7,10.9,0
1967,10,14.2,8.8,0
1967,11,8.9,3,5
1967,12,7.1,2,12
1968,1,7.3,2,8
1968,2,4.7,-0.1,16
1968,3,10.8,3.6,5
1968,4,13,4.4,6
1968,5,14.5,6.7,0
1968,6,19.9,11.4,0
1968,7,19.7,12,0
1968,8,19.4,12.3,0
1968,9,18,11.1,0
1968,10,15.8,10.6,0
1968,11,8.9,4.6,3
1968,12,5.1,1.1,11
1969,1,8.6,3.6,6
1969,2,4.2,-0.9,16
1969,3,7.3,1.1,8
1969,4,13.1,3.7,5
1969,5,16.4,8.3,0
1969,6,19.9,9.5,0
1969,7,23.2,13.1,0
1969,8,21.3,13.2,0
1969,9,17.7,10.8,0
1969,10,16.7,9.9,0
1969,11,9,3.2,5
1969,12,6,1.2,9
1970,1,6.6,1.9,10
1970,2,6.6,0.6,11
1970,3,7.6,0.6,12
1970,4,11.3,3.8,3
1970,5,18.8,8.7,0
1970,6,22.4,11.6,0
1970,7,20.4,11.9,0
1970,8,21,12.2,0
1970,9,19.4,11.2,0
1970,10,15,7.4,0
1970,11,11.4,5.6,1
1970,12,6.7,1.8,13
1971,1,7.2,2.5,7
1971,2,7.9,1.5,8
1971,3,8.7,2.2,8
1971,4,12,4.3,1
1971,5,17.3,7.4,0
1971,6,16.7,9.4,0
1971,7,23.2,13.1,0
1971,8,20.3,12.7,0
1971,9,19.5,9.8,0
1971,10,15.8,7.4,0
1971,11,9.8,3,7
1971,12,8.7,4.6,3
1972,1,6.4,2,6
1972,2,7,2.5,1
1972,3,11.8,2.8,4
1972,4,12.2,5.4,0
1972,5,15.1,7.4,0
1972,6,16.6,8.8,0
1972,7,21,11.8,0
1972,8,20.7,11.6,0
1972,9,16.5,8.3,0
1972,10,14.8,7.4,0
1972,11,9.5,3.8,7
1972,12,8.7,3.5,2
1973,1,6.8,2.1,10
1973,2,7.7,1.3,11
1973,3,11,2.1,4
1973,4,12.1,4.2,2
1973,5,16.2,8.1,0
1973,6,20.9,10.9,0
1973,7,20.8,12.2,0
1973,8,22.5,12.8,0
1973,9,19.7,11,0
1973,10,12.8,5.5,1
1973,11,9.8,3.2,10
1973,12,8.3,2.3,8
1974,1,9.3,3.6,3
1974,2,8.7,3.1,4
1974,3,9.3,2.4,6
1974,4,13,3.8,0
1974,5,16.1,6.8,0
1974,6,19.1,10.1,0
1974,7,20.1,12.2,0
1974,8,20.6,11.3,0
1974,9,16.5,9.1,0
1974,10,11,4.9,1
1974,11,10.1,5,0
1974,12,10.6,5.9,0
1975,1,9.8,4.6,1
1975,2,7.9,1.8,4
1975,3,7.8,2.5,6
1975,4,12.8,5.3,4
1975,5,14.3,6.4,0
1975,6,21.5,9.4,0
1975,7,23.8,13.4,0
1975,8,25.1,14.1,0
1975,9,18.7,9.9,0
1975,10,14.2,6.5,1
1975,11,9.8,2.5,7
1975,12,7.5,1.7,10
1976,1,8.5,3.4,8
1976,2,7.5,2.3,8
1976,3,9,1.7,11
1976,4,12.9,4.1,4
1976,5,17.8,8.3,0
1976,6,24.4,12.6,0
1976,7,25.9,13.2,0
1976,8,24.4,11.4,0
1976,9,18.1,10.5,0
1976,10,14.1,8.3,0
1976,11,9.2,3.4,5
1976,12,4.6,-0.4,13
1977,1,5.4,0.7,11
1977,2,8.9,3.3,4
1977,3,10.5,4.3,4
1977,4,11.6,3.8,4
1977,5,15.7,6.1,0
1977,6,16.7,8.5,0
1977,7,21,12,0
1977,8,19.7,12.2,0
1977,9,17.5,10.4,0
1977,10,15.4,8.3,0
1977,11,9.6,3.8,7
1977,12,8.9,3.9,2
1978,1,6.2,0.7,11
1978,2,5.5,0.4,15
1978,3,10.8,3.3,3
1978,4,10.2,3.3,5
1978,5,17,7.1,0
1978,6,19.1,9.6,0
1978,7,20,11.5,0
1978,8,20.2,11.4,0
1978,9,19.1,10.6,0
1978,10,16.2,8.1,0
1978,11,11.6,5.5,5
1978,12,7.1,2.2,12
1979,1,3.2,-3.1,23
1979,2,3.8,-0.9,18
1979,3,8.4,2.1,2
1979,4,12.3,4.8,3
1979,5,15.2,6.8,2
1979,6,19,10.7,0
1979,7,22.5,13,0
1979,8,20.3,11.7,0
1979,9,18.6,9.6,0
1979,10,15.5,8,0
1979,11,10.5,3.9,4
1979,12,8.9,3.8,3
1980,1,5.3,-0.3,15
1980,2,9.5,3.2,5
1980,3,8.5,2.3,7
1980,4,13.7,4.9,0
1980,5,16.6,6.3,1
1980,6,19,10.7,0
1980,7,19.7,11.2,0
1980,8,21.2,12.8,0
1980,9,19.2,12.2,0
1980,10,13,6,0
1980,11,9.1,4.4,3
1980,12,8.5,2.9,7
1981,1,7.3,2.4,8
1981,2,6.2,0.2,15
1981,3,11.1,6.4,0
1981,4,12,4.4,2
1981,5,15.7,8.2,0
1981,6,18.1,10.4,0
1981,7,21.3,12.3,0
1981,8,22.2,12.7,0
1981,9,19.8,11,0
1981,10,12.3,5.7,1
1981,11,10.8,4.9,2
1981,12,3.6,-2,18
1982,1,5.5,-0.1,13
1982,2,7.9,2.7,5
1982,3,10.3,2.9,2
1982,4,13.8,4.9,0
1982,5,17.5,7.2,1
1982,6,21.3,12.7,0
1982,7,22,12.8,0
1982,8,21.2,12.9,0
1982,9,20.1,10.6,0
1982,10,13.6,7.8,0
1982,11,10.8,6.1,4
1982,12,7.7,1.9,9
1983,1,9.8,4.7,2
1983,2,4.8,-0.7,17
1983,3,10.3,3.3,4
1983,4,11.8,3.7,2
1983,5,14.8,7.8,0
1983,6,19.6,11,0
1983,7,26.8,15.4,0
1983,8,23.5,13.3,0
1983,9,18,11.1,0
1983,10,14.3,7.7,1
1983,11,10.4,5.2,6
1983,12,8.7,3.2,8
1984,1,7.5,1.5,7
1984,2,6.4,1,7
1984,3,8.2,2.4,1
1984,4,13.9,3.4,5
1984,5,14.5,6,0
1984,6,20.8,10.8,0
1984,7,23.9,12.2,0
1984,8,23.6,13.6,0
1984,9,17.9,11.2,0
1984,10,15,8.6,1
1984,11,11.3,6,0
1984,12,8.3,2.7,8
1985,1,3.9,-1.9,22
1985,2,5.5,-0.8,15
1985,3,8.9,1.4,10
1985,4,13.1,5.1,3
1985,5,15.7,7.3,0
1985,6,17.5,9,0
1985,7,21.6,12.7,0
1985,8,19,12.1,0
1985,9,19.4,11.2,0
1985,10,14.5,7.9,0
1985,11,7.4,1.7,10
1985,12,9.4,5.1,5
1986,1,6.7,1.1,9
1986,2,1,-4.1,24
1986,3,9.2,2.1,4
1986,4,10.2,3.1,2
1986,5,15.7,8,0
1986,6,20.6,10.5,0
1986,7,21.5,12.8,0
1986,8,18.4,11,0
1986,9,16.6,7.5,0
1986,10,15.3,7.8,0
1986,11,11.4,5.4,0
1986,12,9.2,3.8,1
1987,1,3,-1.4,20
1987,2,7.1,1,13
1987,3,8.2,1.5,13
1987,4,15.2,6.6,0
1987,5,15.2,6.5,0
1987,6,17.8,10.4,0
1987,7,21.2,12.7,0
1987,8,21,12.5,0
1987,9,18.6,10.9,0
1987,10,14,6.7,1
1987,11,9,4.3,2
1987,12,8,3.7,7
1988,1,8.1,3.3,4
1988,2,8.1,2.3,5
1988,3,10.2,3.8,4
1988,4,12.6,4.6,3
1988,5,17.1,7.8,0
1988,6,18.7,10.3,0
1988,7,18.9,11.6,0
1988,8,20.4,11.9,0
1988,9,17.9,10.4,0
1988,10,14.5,8,2
1988,11,9.1,1.6,15
1988,12,10.1,5.4,0
1989,1,9.1,3.6,5
1989,2,9.9,3,4
1989,3,12,4.6,1
1989,4,11,3.6,1
1989,5,19.7,8.6,0
1989,6,20.8,10.5,0
1989,7,24.9,14,0
1989,8,23.4,12.4,0
1989,9,19.9,11.9,0
1989,10,15.9,8.9,0
1989,11,9.8,3.2,7
1989,12,8.2,3.3,4
1990,1,10,4.5,1
1990,2,11.3,5.3,0
1990,3,12.7,5,2
1990,4,13.7,3.3,5
1990,5,19.2,7.8,0
1990,6,18.2,10.7,0
1990,7,23.8,12.2,0
1990,8,24.7,14,0
1990,9,18.7,9.4,0
1990,10,15.8,9.3,0
1990,11,9.8,4.3,1
1990,12,6.9,1.7,10
1991,1,6.4,1.2,8
1991,2,4.7,-1.6,18
1991,3,11.5,5.1,2
1991,4,12.2,4.6,1
1991,5,15.3,7.4,0
1991,6,16.8,9,0
1991,7,22.2,13.7,0
1991,8,23.2,13.3,0
1991,9,20.2,10.6,0
1991,10,13.4,7.3,0
1991,11,9.9,4.5,2
1991,12,7,1.6,11
1992,1,5.9,1.5,12
1992,2,8.9,2.1,8
1992,3,11,4.8,1
1992,4,13.2,5.6,2
1992,5,19.7,9.1,0
1992,6,21.4,11.7,0
1992,7,21.1,13.5,0
1992,8,20.3,12.8,0
1992,9,17.6,10.8,0
1992,10,11.2,5.2,2
1992,11,10.9,4.7,0
1992,12,6.4,1.3,11
1993,1,9.6,3.5,5
1993,2,7.1,2.4,4
1993,3,11,3.9,3
1993,4,13.2,6.6,0
1993,5,16.6,8,0
1993,6,20.7,11.5,0
1993,7,20.8,12.3,0
1993,8,20.5,11.1,0
1993,9,16.7,9.3,0
1993,10,11.9,6,3
1993,11,8,2.6,8
1993,12,8.7,3.4,4
1994,1,8.5,3.3,2
1994,2,6.7,1.3,8
1994,3,11.7,5.3,0
1994,4,12.5,5.1,0
1994,5,15.3,7.6,0
1994,6,20.6,11,0
1994,7,24.8,13.8,0
1994,8,21.1,13,0
1994,9,16.6,10.4,0
1994,10,14.1,6.9,0
1994,11,12.7,8.4,0
1994,12,9.6,3.9,5
1995,1,8.5,2.2,7
1995,2,10.4,4.4,1
1995,3,10.5,2,6
1995,4,14.3,5.4,3
1995,5,17.8,7.8,0
1995,6,20,10.4,0
1995,7,25.1,13.9,0
1995,8,26.4,13.9,0
1995,9,18.3,10.3,0
1995,10,17.3,10.3,0
1995,11,11.3,5.2,5
1995,12,4.6,0.2,15
1996,1,6.6,3.1,7
1996,2,6.2,-0.1,17
1996,3,8.4,1.8,9
1996,4,13.8,4.8,5
1996,5,14.1,5.6,1
1996,6,21.2,10.2,0
1996,7,23.3,12.7,0
1996,8,22.4,12.5,0
1996,9,18.4,10.3,0
1996,10,15.8,8.6,0
1996,11,9.6,2.9,10
1996,12,5.5,0.9,13
1997,1,5.1,-0.2,16
1997,2,10.4,4.2,3
1997,3,13.3,5.5,0
1997,4,14.5,4.9,2
1997,5,17.4,7.4,1
1997,6,18.9,11.3,0
1997,7,22.8,12.9,0
1997,8,24.9,15.7,0
1997,9,19.7,10.7,0
1997,10,14.9,6.6,6
1997,11,11.7,6.1,1
1997,12,9,3.6,6
1998,1,8.3,2.9,9
1998,2,11.5,4.1,4
1998,3,11.8,5.4,1
1998,4,11.9,5.1,1
1998,5,18.7,9.1,0
1998,6,19.1,11.5,0
1998,7,21,12.4,0
1998,8,22.4,11.9,0
1998,9,19.6,11.8,0
1998,10,14.4,8.2,0
1998,11,9.3,2.2,7
1998,12,9.4,3.2,8
1999,1,9,3.4,4
1999,2,8.6,2.9,5
1999,3,11.6,4.8,1
1999,4,14.3,6.1,2
1999,5,18.2,9.7,0
1999,6,19.7,10.1,0
1999,7,24.2,13.3,0
1999,8,21.6,12.9,0
1999,9,20.8,12.4,0
1999,10,15.1,7.1,0
1999,11,10.8,5.3,0
1999,12,8.3,1.7,9
2000,1,8.1,2,9
2000,2,10.2,3.8,3
2000,3,11.7,4.2,2
2000,4,12.4,4.8,2
2000,5,17.2,8.6,0
2000,6,20.5,12.2,0
2000,7,20.8,12.3,0
2000,8,22.7,13.3,0
2000,9,19.2,12.1,0
2000,10,14.3,8.2,0
2000,11,10.6,4.8,0
2000,12,8.6,4.2,7
2001,1,6.4,1.2,13
2001,2,8.8,2,10
2001,3,9,3.1,5
2001,4,12.9,4.8,0
2001,5,18.5,7.9,0
2001,6,20.7,10.6,0
2001,7,23.4,13.4,0
2001,8,22.7,12.9,0
2001,9,17.9,10.5,0
2001,10,17,11.1,0
2001,11,11.2,3.9,5
2001,12,6.8,0.2,17
2002,1,9.2,3.4,5
2002,2,11.1,4.4,3
2002,3,12.4,4.6,3
2002,4,15.2,5.2,0
2002,5,16.8,8.4,0
2002,6,20,10.3,0
2002,7,22.1,12,0
2002,8,22.8,12.9,0
2002,9,19.7,10,0
2002,10,14.8,7.1,1
2002,11,11.8,6.4,0
2002,12,8.9,4.1,4
2003,1,7.6,1.8,11
2003,2,8.4,0.6,15
2003,3,13.3,2.7,8
2003,4,15.3,4.6,5
2003,5,17.5,8.1,0
2003,6,22.4,11.8,0
2003,7,23.7,13.4,0
2003,8,25.5,13.5,0
2003,9,21.3,8.1,0
2003,10,14,3.9,5
2003,11,12,5.7,1
2003,12,8.7,1.8,10
2004,1,8.8,2.7,9
2004,2,8.7,2.9,11
2004,3,10.9,3.4,2
2004,4,14.7,6.2,0
2004,5,18,8.6,0
2004,6,21.8,12,0
2004,7,22,12.2,0
2004,8,23.4,14.2,0
2004,9,20.1,11.7,0
2004,10,14.7,8.6,0
2004,11,10.9,5.8,1
2004,12,8.6,2.8,6
2005,1,9.4,3.8,2
2005,2,7.3,2.1,10
2005,3,11.2,4.7,6
2005,4,14.3,5.7,1
2005,5,17.2,7.6,0
2005,6,21.6,12,0
2005,7,22.3,13.4,0
2005,8,23.1,12.2,0
2005,9,20.9,11.9,0
2005,10,17.1,10.9,0
2005,11,9.9,3.1,11
2005,12,7.7,1.8,11
2006,1,7.2,2.2,8
2006,2,6.6,0.8,12
2006,3,9.2,2,10
2006,4,13.9,5.4,2
2006,5,17.6,9,0
2006,6,23.1,11.7,0
2006,7,27.1,14.9,0
2006,8,21.8,13.1,0
2006,9,22.1,13.5,0
2006,10,17.2,10.6,0
2006,11,12.1,5.1,4
2006,12,9.4,4.3,6
2007,1,10.4,4.8,4
2007,2,9.7,3.7,7
2007,3,12,3.7,2
2007,4,17.8,5.6,0
2007,5,17.5,7.1,0
2007,6,20.5,11.3,0
2007,7,20.6,12.2,0
2007,8,21.7,12,0
2007,9,19.2,10.3,0
2007,10,15.1,7.9,0
2007,11,11.3,4.3,4
2007,12,8.3,2.4,11
2008,1,10.3,4.7,0
2008,2,10.5,1.7,11
2008,3,10.6,3.5,2
2008,4,,4.7,3
2008,5,,9.5,0
2008,6,20.1,11.1,0
2008,7,22,12.8,0
2008,8,20.8,13.9,0
2008,9,17.8,10.2,0
2008,10,14.6,5.7,1
2008,11,10.1,4.8,3
2008,12,6.9,1.3,11
2009,1,6.3,0.2,16
2009,2,7.9,2,10
2009,3,12.4,3.2,3
2009,4,15.6,6.1,0
2009,5,18.2,8.3,0
2009,6,22,10.7,0
2009,7,22.4,13.1,0
2009,8,22.7,13.3,0
2009,9,20.2,10.6,0
2009,10,16.2,8.4,0
2009,11,12.5,7,0
2009,12,6.8,0.8,12
2010,1,4.7,-1,17
2010,2,7.1,1.3,7
2010,3,11.3,3.2,8
2010,4,15.8,4.9,0
2010,5,17.6,7.3,0
2010,6,23,11.1,0
2010,7,23.9,14.2,0
2010,8,21.4,12.1,0
2010,9,18.8,10.3,0
2010,10,14.5,7.4,2
2010,11,8.2,2.9,10
2010,12,2.7,-2.2,25
2011,1,7,1.9,12
2011,2,10.4,4.4,1
2011,3,12.4,,
2011,4,19.4,7.3,0
2011,5,18.9,8.4,0
2011,6,19.3,10.2,0
2011,7,21.4,10.2,0
2011,8,20.7,11.4,0
2011,9,20.7,10.7,0
2011,10,,,
2011,11,13.5,6.3,1
2011,12,9.3,3.1,4
2012,1,9.8,3.6,6
2012,2,7.3,1.2,12
2012,3,14,3.6,2
2012,4,12.6,4.6,2
2012,5,17.7,9.7,0
2012,6,18.9,11.6,0
2012,7,,,
2012,8,,,
2012,9,,,
2012,10,13.4,7.1,0
2012,11,10.1,4.2,1
2012,12,8.6,2.6,9
2013,1,6.4,1.9,14
2013,2,6.2,0.9,5
2013,3,6.3,0.2,16
2013,4,12.9,3.9,6
2013,5,15.9,6.7,0
2013,6,19.3,10.2,0
2013,7,25.5,13.9,0
2013,8,23.1,13.1,0
2013,9,19,9.9,0
2013,10,16.3,9.9,0
2013,11,9.9,3.8,2
2013,12,10,3.6,0
2014,1,9.3,3.5,3
2014,2,9.7,4.2,0
2014,3,12.8,3.5,2
2014,4,,6.4,0
2014,5,,8.9,0
2014,6,21.5,11.8,0
2014,7,24.9,13.5,0
2014,8,20.8,11.7,0
2014,9,21.1,11.4,0
2014,10,16.8,9.9,0
2014,11,11.5,5.7,2
2014,12,8.7,2.4,9
2015,1,8.4,1.6,10
2015,2,7.5,1,10
2015,3,11.4,3.3,1
2015,4,15.9,4.5,0
2015,5,16.8,7.7,0
2015,6,21.1,10.2,0
2015,7,22.6,12.5,0
2015,8,21.3,13,0
2015,9,18.4,8.9,0
2015,10,15.1,7.9,0
2015,11,13.1,7.3,2
2015,12,13.4,8.3,0
2016,1,9.4,3,5
2016,2,9.1,2.7,6
2016,3,10.2,2.2,4
2016,4,12.9,4,1
2016,5,18.4,8.7,0
2016,6,20,11.9,0
2016,7,23.3,13.8,0
2016,8,23.5,13.6,0
2016,9,20.9,13,0
2016,10,15.1,7.3,0
2016,11,9.4,3.3,3
2016,12,9.6,3,10
2017,1,7.3,0.8,16
2017,2,9.5,4,1
2017,3,13.7,5.8,0
2017,4,15.1,4.7,0
2017,5,19,9.4,0
2017,6,22.7,12.9,0
2017,7,23.3,13.9,0
2017,8,21.4,12.6,0
2017,9,18.5,10.4,0
2017,10,,9.7,0
2017,11,10.7,3.8,3
2017,12,8.3,2.6,10
2018,1,8.9,3,4
2018,2,6.4,0.3,14
2018,3,9.1,2.5,6
2018,4,14.2,7.5,0
2018,5,19.9,8.6,0
2018,6,22.8,11.6,0
2018,7,27.4,14.2,0
2018,8,23.4,,
2018,9,20.4,10,0
2018,10,15.6,7.3,2
2018,11,11.7,5.5,2
2018,12,10.2,4.7,3
2019,1,7.2,1,16
2019,2,11.8,2.3,8
2019,3,12.7,5.1,0
2019,4,15.1,4.3,5
2019,5,18,7.2,0
2019,6,20.4,10.7,0
2019,7,24.5,13.7,0
2019,8,23.9,13.2,0
2019,9,20.6,10.4,0
2019,10,14.5,7.3,0
2019,11,9.6,4.1,3
2019,12,9.4,3.6,5
2020,1,9.6,4.5,3
2020,2,10.5,3.6,3
2020,3,11.4,3,4
2020,4,17.8,5.4,1
2020,5,20.4,7.6,1
2020,6,21.6,11.6,0
2020,7,22.5,12.7,0
2020,8,23.5,14.5,0
2020,9,20,10.2,0
2020,10,14.2,8.3,0
2020,11,11.9,6,5
2020,12,8,3.1,7
2021,1,6.6,1.3,13
2021,2,8.9,2.6,8
2021,3,11.6,3.9,1
2021,4,12.5,1.6,8
2021,5,15.7,6.6,0
2021,6,21.4,12.2,0
2021,7,23.7,14.2,0
2021,8,21,13,0
2021,9,21.6,12.1,0
2021,10,16.2,9.7,0
2021,11,10.9,4.3,4
2021,12,9.8,4.9,2
2022,1,8.4,1.4,12
2022,2,11.1,4.1,0
2022,3,12.7,4,2
2022,4,15.3,4.7,3
2022,5,19,9.7,0
2022,6,21.7,11,0
2022,7,25.9,13.8,0
2022,8,26.4,14.3,0
2022,9,20.3,11.2,0
2022,10,17.9,9.7,0
2022,11,12.8,7.6,0
2022,12,7.2,0.8,12
2023,1,8.4,2.7,7
2023,2,10.4,3,9
2023,3,10.6,4.5,3
2023,4,13.7,5.1,1
